year,parasitism
1890-01-01,0.25918831
1890-02-01,0.25918831
1890-03-01,0.25918831
1890-04-01,0.25918831
1890-05-01,0.25918831
1890-06-01,0.25918831
1890-07-01,0.25918831
1890-08-01,0.25918831
1890-09-01,0.25918831
1890-10-01,0.25918831
1890-11-01,0.25918831
1890-12-01,0.25918831
1891-01-01,0.25918831
1891-02-01,0.25918831
1891-03-01,0.25918831
1891-04-01,0.25918831
1891-05-01,0.25918831
1891-06-01,0.25918831
1891-07-01,0.25918831
1891-08-01,0.25918831
1891-09-01,0.25918831
1891-10-01,0.25918831
1891-11-01,0.25918831
1891-12-01,0.25918831
1892-01-01,0.25918831
1892-02-01,0.25918831
1892-03-01,0.25918831
1892-04-01,0.25918831
1892-05-01,0.25918831
1892-06-01,0.25918831
1892-07-01,0.25918831
1892-08-01,0.25918831
1892-09-01,0.25918831
1892-10-01,0.25918831
1892-11-01,0.25918831
1892-12-01,0.25918831
1893-01-01,0.25918831
1893-02-01,0.25918831
1893-03-01,0.25918831
1893-04-01,0.25918831
1893-05-01,0.25918831
1893-06-01,0.25918831
1893-07-01,0.25918831
1893-08-01,0.25918831
1893-09-01,0.25918831
1893-10-01,0.25918831
1893-11-01,0.25918831
1893-12-01,0.25918831
1894-01-01,0.25918831
1894-02-01,0.25918831
1894-03-01,0.25918831
1894-04-01,0.25918831
1894-05-01,0.25918831
1894-06-01,0.25918831
1894-07-01,0.25918831
1894-08-01,0.25918831
1894-09-01,0.25918831
1894-10-01,0.25918831
1894-11-01,0.25918831
1894-12-01,0.25918831
1895-01-01,0.25918831
1895-02-01,0.25918831
1895-03-01,0.25918831
1895-04-01,0.25918831
1895-05-01,0.25918831
1895-06-01,0.25918831
1895-07-01,0.25918831
1895-08-01,0.25918831
1895-09-01,0.25918831
1895-10-01,0.25918831
1895-11-01,0.25918831
1895-12-01,0.25918831
1896-01-01,0.25918831
1896-02-01,0.25918831
1896-03-01,0.25918831
1896-04-01,0.25918831
1896-05-01,0.25918831
1896-06-01,0.25918831
1896-07-01,0.25918831
1896-08-01,0.25918831
1896-09-01,0.25918831
1896-10-01,0.25918831
1896-11-01,0.25918831
1896-12-01,0.25918831
1897-01-01,0.25918831
1897-02-01,0.25918831
1897-03-01,0.25918831
1897-04-01,0.25918831
1897-05-01,0.25918831
1897-06-01,0.25918831
1897-07-01,0.25918831
1897-08-01,0.25918831
1897-09-01,0.25918831
1897-10-01,0.25918831
1897-11-01,0.25918831
1897-12-01,0.25918831
1898-01-01,0.25918831
1898-02-01,0.25918831
1898-03-01,0.25918831
1898-04-01,0.25918831
1898-05-01,0.25918831
1898-06-01,0.25918831
1898-07-01,0.25918831
1898-08-01,0.25918831
1898-09-01,0.25918831
1898-10-01,0.25918831
1898-11-01,0.25918831
1898-12-01,0.25918831
1899-01-01,0.25918831
1899-02-01,0.25918831
1899-03-01,0.25918831
1899-04-01,0.25918831
1899-05-01,0.25918831
1899-06-01,0.25918831
1899-07-01,0.25918831
1899-08-01,0.25918831
1899-09-01,0.25918831
1899-10-01,0.25918831
1899-11-01,0.25918831
1899-12-01,0.25918831
1900-01-01,0.25918831
1900-02-01,0.25918831
1900-03-01,0.25918831
1900-04-01,0.25918831
1900-05-01,0.25918831
1900-06-01,0.25918831
1900-07-01,0.25918831
1900-08-01,0.25918831
1900-09-01,0.25918831
1900-10-01,0.25918831
1900-11-01,0.25918831
1900-12-01,0.25918831
1901-01-01,0.25918831
1901-02-01,0.25918831
1901-03-01,0.25918831
1901-04-01,0.25918831
1901-05-01,0.25918831
1901-06-01,0.25918831
1901-07-01,0.25918831
1901-08-01,0.25918831
1901-09-01,0.25918831
1901-10-01,0.25918831
1901-11-01,0.25918831
1901-12-01,0.25918831
1902-01-01,0.25918831
1902-02-01,0.25918831
1902-03-01,0.25918831
1902-04-01,0.25918831
1902-05-01,0.25918831
1902-06-01,0.25918831
1902-07-01,0.25918831
1902-08-01,0.25918831
1902-09-01,0.25918831
1902-10-01,0.25918831
1902-11-01,0.25918831
1902-12-01,0.25918831
1903-01-01,0.25918831
1903-02-01,0.25918831
1903-03-01,0.25918831
1903-04-01,0.25918831
1903-05-01,0.25918831
1903-06-01,0.25918831
1903-07-01,0.25918831
1903-08-01,0.25918831
1903-09-01,0.25918831
1903-10-01,0.25918831
1903-11-01,0.25918831
1903-12-01,0.25918831
1904-01-01,0.25918831
1904-02-01,0.25918831
1904-03-01,0.25918831
1904-04-01,0.25918831
1904-05-01,0.25918831
1904-06-01,0.25918831
1904-07-01,0.25918831
1904-08-01,0.25918831
1904-09-01,0.25918831
1904-10-01,0.25918831
1904-11-01,0.25918831
1904-12-01,0.25918831
1905-01-01,0.25918831
1905-02-01,0.25918831
1905-03-01,0.25918831
1905-04-01,0.25918831
1905-05-01,0.25918831
1905-06-01,0.25918831
1905-07-01,0.25918831
1905-08-01,0.25918831
1905-09-01,0.25918831
1905-10-01,0.25918831
1905-11-01,0.25918831
1905-12-01,0.25918831
1906-01-01,0.25918831
1906-02-01,0.25918831
1906-03-01,0.25918831
1906-04-01,0.25918831
1906-05-01,0.25918831
1906-06-01,0.25918831
1906-07-01,0.25918831
1906-08-01,0.25918831
1906-09-01,0.25918831
1906-10-01,0.25918831
1906-11-01,0.25918831
1906-12-01,0.25918831
1907-01-01,0.25918831
1907-02-01,0.25918831
1907-03-01,0.25918831
1907-04-01,0.25918831
1907-05-01,0.25918831
1907-06-01,0.25918831
1907-07-01,0.25918831
1907-08-01,0.25918831
1907-09-01,0.25918831
1907-10-01,0.25918831
1907-11-01,0.25918831
1907-12-01,0.25918831
1908-01-01,0.25918831
1908-02-01,0.25918831
1908-03-01,0.25918831
1908-04-01,0.25918831
1908-05-01,0.25918831
1908-06-01,0.25918831
1908-07-01,0.25918831
1908-08-01,0.25918831
1908-09-01,0.25918831
1908-10-01,0.25918831
1908-11-01,0.25918831
1908-12-01,0.25918831
1909-01-01,0.25918831
1909-02-01,0.25918831
1909-03-01,0.25918831
1909-04-01,0.25918831
1909-05-01,0.25918831
1909-06-01,0.25918831
1909-07-01,0.25918831
1909-08-01,0.25918831
1909-09-01,0.25918831
1909-10-01,0.25918831
1909-11-01,0.25918831
1909-12-01,0.25918831
1910-01-01,0.25918831
1910-02-01,0.25918831
1910-03-01,0.25918831
1910-04-01,0.25918831
1910-05-01,0.25918831
1910-06-01,0.25918831
1910-07-01,0.25918831
1910-08-01,0.25918831
1910-09-01,0.25918831
1910-10-01,0.25918831
1910-11-01,0.25918831
1910-12-01,0.25918831
1911-01-01,0.25918831
1911-02-01,0.25918831
1911-03-01,0.25918831
1911-04-01,0.25918831
1911-05-01,0.25918831
1911-06-01,0.25918831
1911-07-01,0.25918831
1911-08-01,0.25918831
1911-09-01,0.25918831
1911-10-01,0.25918831
1911-11-01,0.25918831
1911-12-01,0.25918831
1912-01-01,0.25918831
1912-02-01,0.25918831
1912-03-01,0.25918831
1912-04-01,0.25918831
1912-05-01,0.25918831
1912-06-01,0.25918831
1912-07-01,0.25918831
1912-08-01,0.25918831
1912-09-01,0.25918831
1912-10-01,0.25918831
1912-11-01,0.25918831
1912-12-01,0.25918831
1913-01-01,0.25918831
1913-02-01,0.25918831
1913-03-01,0.25918831
1913-04-01,0.25918831
1913-05-01,0.25918831
1913-06-01,0.25918831
1913-07-01,0.25918831
1913-08-01,0.25918831
1913-09-01,0.25918831
1913-10-01,0.25918831
1913-11-01,0.25918831
1913-12-01,0.25918831
1914-01-01,0.25918831
1914-02-01,0.25918831
1914-03-01,0.25918831
1914-04-01,0.25918831
1914-05-01,0.25918831
1914-06-01,0.25918831
1914-07-01,0.25918831
1914-08-01,0.25918831
1914-09-01,0.25918831
1914-10-01,0.25918831
1914-11-01,0.25918831
1914-12-01,0.25918831
1915-01-01,0.25918831
1915-02-01,0.25918831
1915-03-01,0.25918831
1915-04-01,0.25918831
1915-05-01,0.25918831
1915-06-01,0.25918831
1915-07-01,0.25918831
1915-08-01,0.25918831
1915-09-01,0.25918831
1915-10-01,0.25918831
1915-11-01,0.25918831
1915-12-01,0.25918831
1916-01-01,0.25918831
1916-02-01,0.25918831
1916-03-01,0.25918831
1916-04-01,0.25918831
1916-05-01,0.25918831
1916-06-01,0.25918831
1916-07-01,0.25918831
1916-08-01,0.25918831
1916-09-01,0.25918831
1916-10-01,0.25918831
1916-11-01,0.25918831
1916-12-01,0.25918831
1917-01-01,0.25918831
1917-02-01,0.25918831
1917-03-01,0.25918831
1917-04-01,0.25918831
1917-05-01,0.25918831
1917-06-01,0.25918831
1917-07-01,0.25918831
1917-08-01,0.25918831
1917-09-01,0.25918831
1917-10-01,0.25918831
1917-11-01,0.25918831
1917-12-01,0.25918831
1918-01-01,0.25918831
1918-02-01,0.25918831
1918-03-01,0.25918831
1918-04-01,0.25918831
1918-05-01,0.25918831
1918-06-01,0.25918831
1918-07-01,0.25918831
1918-08-01,0.25918831
1918-09-01,0.25918831
1918-10-01,0.25918831
1918-11-01,0.25918831
1918-12-01,0.25918831
1919-01-01,0.25918831
1919-02-01,0.25918831
1919-03-01,0.25918831
1919-04-01,0.25918831
1919-05-01,0.25918831
1919-06-01,0.25918831
1919-07-01,0.25918831
1919-08-01,0.25918831
1919-09-01,0.25918831
1919-10-01,0.25918831
1919-11-01,0.25918831
1919-12-01,0.25918831
1920-01-01,0.25918831
1920-02-01,0.25918831
1920-03-01,0.25918831
1920-04-01,0.25918831
1920-05-01,0.25918831
1920-06-01,0.25918831
1920-07-01,0.25918831
1920-08-01,0.25918831
1920-09-01,0.25918831
1920-10-01,0.25918831
1920-11-01,0.25918831
1920-12-01,0.25918831
1921-01-01,0.25918831
1921-02-01,0.25918831
1921-03-01,0.25918831
1921-04-01,0.25918831
1921-05-01,0.25918831
1921-06-01,0.25918831
1921-07-01,0.25918831
1921-08-01,0.25918831
1921-09-01,0.25918831
1921-10-01,0.25918831
1921-11-01,0.25918831
1921-12-01,0.25918831
1922-01-01,0.25918831
1922-02-01,0.25918831
1922-03-01,0.25918831
1922-04-01,0.25918831
1922-05-01,0.25918831
1922-06-01,0.25918831
1922-07-01,0.25918831
1922-08-01,0.25918831
1922-09-01,0.25918831
1922-10-01,0.25918831
1922-11-01,0.25918831
1922-12-01,0.25918831
1923-01-01,0.25918831
1923-02-01,0.25918831
1923-03-01,0.25918831
1923-04-01,0.25918831
1923-05-01,0.25918831
1923-06-01,0.25918831
1923-07-01,0.25918831
1923-08-01,0.25918831
1923-09-01,0.25918831
1923-10-01,0.25918831
1923-11-01,0.25918831
1923-12-01,0.25918831
1924-01-01,0.25918831
1924-02-01,0.25918831
1924-03-01,0.25918831
1924-04-01,0.25918831
1924-05-01,0.25918831
1924-06-01,0.25918831
1924-07-01,0.25918831
1924-08-01,0.25918831
1924-09-01,0.25918831
1924-10-01,0.25920431
1924-11-01,0.25932481
1924-12-01,0.25944531
1925-01-01,0.25956581
1925-02-01,0.25968631
1925-03-01,0.25980681
1925-04-01,0.25992731
1925-05-01,0.26004781
1925-06-01,0.26016831
1925-07-01,0.26028881
1925-08-01,0.26040931
1925-09-01,0.26052981
1925-10-01,0.26065031
1925-11-01,0.26077081
1925-12-01,0.26089131
1926-01-01,0.26101181
1926-02-01,0.26113231
1926-03-01,0.26125281
1926-04-01,0.26137331
1926-05-01,0.26149381
1926-06-01,0.26161431
1926-07-01,0.26173481
1926-08-01,0.26185531
1926-09-01,0.26197581
1926-10-01,0.26209631
1926-11-01,0.26221681
1926-12-01,0.26233731
1927-01-01,0.26245781
1927-02-01,0.26257831
1927-03-01,0.26269881
1927-04-01,0.26281931
1927-05-01,0.26293981
1927-06-01,0.26306031
1927-07-01,0.26318081
1927-08-01,0.26330131
1927-09-01,0.26342181
1927-10-01,0.26354231
1927-11-01,0.26366281
1927-12-01,0.26378331
1928-01-01,0.26390381
1928-02-01,0.26402431
1928-03-01,0.26414481
1928-04-01,0.26426531
1928-05-01,0.26438581
1928-06-01,0.26450631
1928-07-01,0.26462681
1928-08-01,0.26474731
1928-09-01,0.26486781
1928-10-01,0.26498831
1928-11-01,0.26510881
1928-12-01,0.26522931
1929-01-01,0.26534981
1929-02-01,0.26547031
1929-03-01,0.26559081
1929-04-01,0.26571131
1929-05-01,0.26583181
1929-06-01,0.26595231
1929-07-01,0.26607281
1929-08-01,0.26619331
1929-09-01,0.26631381
1929-10-01,0.26643431
1929-11-01,0.26655481
1929-12-01,0.26667531
1930-01-01,0.26679581
1930-02-01,0.26691631
1930-03-01,0.26703681
1930-04-01,0.26715731
1930-05-01,0.26727781
1930-06-01,0.26739831
1930-07-01,0.26751881
1930-08-01,0.26763931
1930-09-01,0.26775981
1930-10-01,0.26788031
1930-11-01,0.26800081
1930-12-01,0.26812131
1931-01-01,0.26824181
1931-02-01,0.26836231
1931-03-01,0.26848281
1931-04-01,0.26860331
1931-05-01,0.26872381
1931-06-01,0.26884431
1931-07-01,0.26896481
1931-08-01,0.26908531
1931-09-01,0.26920581
1931-10-01,0.26932631
1931-11-01,0.26944681
1931-12-01,0.26956731
1932-01-01,0.26968781
1932-02-01,0.26980831
1932-03-01,0.26992881
1932-04-01,0.27004931
1932-05-01,0.27016981
1932-06-01,0.27029031
1932-07-01,0.27041081
1932-08-01,0.27053131
1932-09-01,0.27065181
1932-10-01,0.27077231
1932-11-01,0.27089281
1932-12-01,0.27101331
1933-01-01,0.27113381
1933-02-01,0.27125431
1933-03-01,0.27137481
1933-04-01,0.27149531
1933-05-01,0.27161581
1933-06-01,0.27173631
1933-07-01,0.27185681
1933-08-01,0.27197731
1933-09-01,0.27209781
1933-10-01,0.27221831
1933-11-01,0.27233881
1933-12-01,0.27245931
1934-01-01,0.27257981
1934-02-01,0.27270031
1934-03-01,0.27282081
1934-04-01,0.27294131
1934-05-01,0.27306181
1934-06-01,0.27318231
1934-07-01,0.27330281
1934-08-01,0.27342331
1934-09-01,0.27354381
1934-10-01,0.27366431
1934-11-01,0.27378481
1934-12-01,0.27390531
1935-01-01,0.27402581
1935-02-01,0.27414631
1935-03-01,0.27426681
1935-04-01,0.27438731
1935-05-01,0.27450781
1935-06-01,0.27462831
1935-07-01,0.27474881
1935-08-01,0.27486931
1935-09-01,0.27498981
1935-10-01,0.27511031
1935-11-01,0.27523081
1935-12-01,0.27535131
1936-01-01,0.27547181
1936-02-01,0.27559231
1936-03-01,0.27571281
1936-04-01,0.27583331
1936-05-01,0.27595381
1936-06-01,0.27607431
1936-07-01,0.27619481
1936-08-01,0.27631531
1936-09-01,0.27643581
1936-10-01,0.27655631
1936-11-01,0.27667681
1936-12-01,0.27679731
1937-01-01,0.27691781
1937-02-01,0.27703831
1937-03-01,0.27715881
1937-04-01,0.27727931
1937-05-01,0.27739981
1937-06-01,0.27752031
1937-07-01,0.27764081
1937-08-01,0.27776131
1937-09-01,0.27788181
1937-10-01,0.27800231
1937-11-01,0.27812281
1937-12-01,0.27824331
1938-01-01,0.27836381
1938-02-01,0.27848431
1938-03-01,0.27860481
1938-04-01,0.27872531
1938-05-01,0.27884581
1938-06-01,0.27896631
1938-07-01,0.27908681
1938-08-01,0.27920731
1938-09-01,0.27932781
1938-10-01,0.27945831
1938-11-01,0.279591143
1938-12-01,0.279723976
1939-01-01,0.27985681
1939-02-01,0.279989643
1939-03-01,0.280122476
1939-04-01,0.28025531
1939-05-01,0.280388143
1939-06-01,0.280520976
1939-07-01,0.28065381
1939-08-01,0.280786643
1939-09-01,0.280919476
1939-10-01,0.28105231
1939-11-01,0.281185143
1939-12-01,0.281317976
1940-01-01,0.28145081
1940-02-01,0.281583643
1940-03-01,0.281716476
1940-04-01,0.28184931
1940-05-01,0.281982143
1940-06-01,0.282114976
1940-07-01,0.28224781
1940-08-01,0.282380643
1940-09-01,0.282513476
1940-10-01,0.28264631
1940-11-01,0.282779143
1940-12-01,0.282911976
1941-01-01,0.28304481
1941-02-01,0.283196393
1941-03-01,0.283357976
1941-04-01,0.28351956
1941-05-01,0.283681143
1941-06-01,0.283842726
1941-07-01,0.28400431
1941-08-01,0.284165893
1941-09-01,0.284327476
1941-10-01,0.28448906
1941-11-01,0.284650643
1941-12-01,0.284812226
1942-01-01,0.28497381
1942-02-01,0.285135393
1942-03-01,0.285296976
1942-04-01,0.28545856
1942-05-01,0.285620143
1942-06-01,0.285781726
1942-07-01,0.28594331
1942-08-01,0.286104893
1942-09-01,0.286266476
1942-10-01,0.28642806
1942-11-01,0.286589643
1942-12-01,0.286751226
1943-01-01,0.28691281
1943-02-01,0.287074393
1943-03-01,0.287235976
1943-04-01,0.28739756
1943-05-01,0.287561976
1943-06-01,0.287740518
1943-07-01,0.28791906
1943-08-01,0.288097601
1943-09-01,0.288276143
1943-10-01,0.288454685
1943-11-01,0.288633226
1943-12-01,0.288811768
1944-01-01,0.28899031
1944-02-01,0.289168851
1944-03-01,0.289347393
1944-04-01,0.289525935
1944-05-01,0.289704476
1944-06-01,0.289883018
1944-07-01,0.29006156
1944-08-01,0.290240101
1944-09-01,0.290418643
1944-10-01,0.290597185
1944-11-01,0.290775726
1944-12-01,0.290954268
1945-01-01,0.29113281
1945-02-01,0.291311351
1945-03-01,0.291489893
1945-04-01,0.291668435
1945-05-01,0.291846976
1945-06-01,0.292025518
1945-07-01,0.29220406
1945-08-01,0.292382601
1945-09-01,0.292561143
1945-10-01,0.292739685
1945-11-01,0.292918226
1945-12-01,0.293096768
1946-01-01,0.29327531
1946-02-01,0.293453851
1946-03-01,0.293632393
1946-04-01,0.293810935
1946-05-01,0.293989476
1946-06-01,0.294168018
1946-07-01,0.29434656
1946-08-01,0.294525101
1946-09-01,0.294703643
1946-10-01,0.294882185
1946-11-01,0.295060726
1946-12-01,0.295239268
1947-01-01,0.29541781
1947-02-01,0.295596351
1947-03-01,0.295774893
1947-04-01,0.295953435
1947-05-01,0.296131976
1947-06-01,0.296310518
1947-07-01,0.29648906
1947-08-01,0.296667601
1947-09-01,0.296846143
1947-10-01,0.297024685
1947-11-01,0.297203226
1947-12-01,0.297381768
1948-01-01,0.29756031
1948-02-01,0.297738851
1948-03-01,0.297917393
1948-04-01,0.298095935
1948-05-01,0.298274476
1948-06-01,0.298453018
1948-07-01,0.29863156
1948-08-01,0.298810101
1948-09-01,0.298988643
1948-10-01,0.299167185
1948-11-01,0.299345726
1948-12-01,0.299524268
1949-01-01,0.29970281
1949-02-01,0.299881351
1949-03-01,0.300059893
1949-04-01,0.300238435
1949-05-01,0.300416976
1949-06-01,0.300595518
1949-07-01,0.30077406
1949-08-01,0.300952601
1949-09-01,0.301131143
1949-10-01,0.301309685
1949-11-01,0.301488226
1949-12-01,0.301666768
1950-01-01,0.30184531
1950-02-01,0.302023851
1950-03-01,0.302202393
1950-04-01,0.302380935
1950-05-01,0.302559476
1950-06-01,0.302738018
1950-07-01,0.30291656
1950-08-01,0.303095101
1950-09-01,0.303273643
1950-10-01,0.303452185
1950-11-01,0.303630726
1950-12-01,0.303809268
1951-01-01,0.30398781
1951-02-01,0.304166351
1951-03-01,0.304344893
1951-04-01,0.304523435
1951-05-01,0.304701976
1951-06-01,0.304880518
1951-07-01,0.30505906
1951-08-01,0.305237601
1951-09-01,0.305416143
1951-10-01,0.305594685
1951-11-01,0.305773226
1951-12-01,0.305951768
1952-01-01,0.30613031
1952-02-01,0.306308851
1952-03-01,0.306487393
1952-04-01,0.306665935
1952-05-01,0.306844476
1952-06-01,0.307023018
1952-07-01,0.30720156
1952-08-01,0.307380101
1952-09-01,0.307558643
1952-10-01,0.307737185
1952-11-01,0.307915726
1952-12-01,0.308094268
1953-01-01,0.30827281
1953-02-01,0.308451351
1953-03-01,0.308629893
1953-04-01,0.308808435
1953-05-01,0.308986976
1953-06-01,0.309165518
1953-07-01,0.30934406
1953-08-01,0.309522601
1953-09-01,0.309701143
1953-10-01,0.309879685
1953-11-01,0.310058226
1953-12-01,0.310236768
1954-01-01,0.31041531
1954-02-01,0.310593851
1954-03-01,0.310772393
1954-04-01,0.310950935
1954-05-01,0.311129476
1954-06-01,0.311308018
1954-07-01,0.31148656
1954-08-01,0.311665101
1954-09-01,0.311843643
1954-10-01,0.312022185
1954-11-01,0.312200726
1954-12-01,0.312379268
1955-01-01,0.31255781
1955-02-01,0.312736351
1955-03-01,0.312914893
1955-04-01,0.313093435
1955-05-01,0.313271976
1955-06-01,0.313450518
1955-07-01,0.31362906
1955-08-01,0.313807601
1955-09-01,0.313986143
1955-10-01,0.314164685
1955-11-01,0.314343226
1955-12-01,0.314521768
1956-01-01,0.31470031
1956-02-01,0.314878851
1956-03-01,0.315057393
1956-04-01,0.315235935
1956-05-01,0.315414476
1956-06-01,0.315593018
1956-07-01,0.31577156
1956-08-01,0.315950101
1956-09-01,0.316128643
1956-10-01,0.316307185
1956-11-01,0.316485726
1956-12-01,0.316664268
1957-01-01,0.31684281
1957-02-01,0.317021351
1957-03-01,0.317199893
1957-04-01,0.317378435
1957-05-01,0.317556976
1957-06-01,0.317735518
1957-07-01,0.31791406
1957-08-01,0.318092601
1957-09-01,0.318271143
1957-10-01,0.318449685
1957-11-01,0.318628226
1957-12-01,0.318806768
1958-01-01,0.31898531
1958-02-01,0.319163851
1958-03-01,0.319342393
1958-04-01,0.319520935
1958-05-01,0.319699476
1958-06-01,0.319878018
1958-07-01,0.32005656
1958-08-01,0.320235101
1958-09-01,0.320413643
1958-10-01,0.320592185
1958-11-01,0.320770726
1958-12-01,0.320949268
1959-01-01,0.32112781
1959-02-01,0.321306351
1959-03-01,0.321484893
1959-04-01,0.321663435
1959-05-01,0.321841976
1959-06-01,0.322020518
1959-07-01,0.32219906
1959-08-01,0.322377601
1959-09-01,0.322556143
1959-10-01,0.322734685
1959-11-01,0.322913226
1959-12-01,0.323091768
1960-01-01,0.32327031
1960-02-01,0.323448851
1960-03-01,0.323627393
1960-04-01,0.323805935
1960-05-01,0.323984476
1960-06-01,0.324163018
1960-07-01,0.32434156
1960-08-01,0.324520101
1960-09-01,0.324698643
1960-10-01,0.324877185
1960-11-01,0.325055726
1960-12-01,0.325234268
1961-01-01,0.32541281
1961-02-01,0.325591351
1961-03-01,0.325769893
1961-04-01,0.325948435
1961-05-01,0.326126976
1961-06-01,0.326305518
1961-07-01,0.32648406
1961-08-01,0.326662601
1961-09-01,0.326841143
1961-10-01,0.327019685
1961-11-01,0.327198226
1961-12-01,0.327376768
1962-01-01,0.32755531
1962-02-01,0.327733851
1962-03-01,0.327912393
1962-04-01,0.328090935
1962-05-01,0.328269476
1962-06-01,0.328448018
1962-07-01,0.32862656
1962-08-01,0.328805101
1962-09-01,0.328983643
1962-10-01,0.329162185
1962-11-01,0.329340726
1962-12-01,0.329519268
1963-01-01,0.32969781
1963-02-01,0.329876351
1963-03-01,0.330054893
1963-04-01,0.330233435
1963-05-01,0.330411976
1963-06-01,0.330590518
1963-07-01,0.33076906
1963-08-01,0.330947601
1963-09-01,0.331126143
1963-10-01,0.331304685
1963-11-01,0.331483226
1963-12-01,0.331661768
1964-01-01,0.33184031
1964-02-01,0.332018851
1964-03-01,0.332197393
1964-04-01,0.332375935
1964-05-01,0.332554476
1964-06-01,0.332733018
1964-07-01,0.33291156
1964-08-01,0.333090101
1964-09-01,0.333268643
1964-10-01,0.333447185
1964-11-01,0.333625726
1964-12-01,0.333804268
1965-01-01,0.33398281
1965-02-01,0.334161351
1965-03-01,0.334339893
1965-04-01,0.334518435
1965-05-01,0.334696976
1965-06-01,0.334875518
1965-07-01,0.33505406
1965-08-01,0.335232601
1965-09-01,0.335411143
1965-10-01,0.335589685
1965-11-01,0.335768226
1965-12-01,0.335946768
1966-01-01,0.33612531
1966-02-01,0.336303851
1966-03-01,0.336482393
1966-04-01,0.336660935
1966-05-01,0.336839476
1966-06-01,0.337018018
1966-07-01,0.33719656
1966-08-01,0.337375101
1966-09-01,0.337553643
1966-10-01,0.337732185
1966-11-01,0.337910726
1966-12-01,0.338089268
1967-01-01,0.33826781
1967-02-01,0.338446351
1967-03-01,0.338624893
1967-04-01,0.338803435
1967-05-01,0.338981976
1967-06-01,0.339160518
1967-07-01,0.33933906
1967-08-01,0.339517601
1967-09-01,0.339696143
1967-10-01,0.339874685
1967-11-01,0.340053226
1967-12-01,0.340231768
1968-01-01,0.34041031
1968-02-01,0.340588851
1968-03-01,0.340767393
1968-04-01,0.340945935
1968-05-01,0.341124476
1968-06-01,0.341303018
1968-07-01,0.34148156
1968-08-01,0.341660101
1968-09-01,0.341838643
1968-10-01,0.342017185
1968-11-01,0.342195726
1968-12-01,0.342374268
1969-01-01,0.34255281
1969-02-01,0.342731351
1969-03-01,0.342909893
1969-04-01,0.343088435
1969-05-01,0.343266976
1969-06-01,0.343445518
1969-07-01,0.34362406
1969-08-01,0.343802601
1969-09-01,0.343981143
1969-10-01,0.344159685
1969-11-01,0.344338226
1969-12-01,0.344516768
1970-01-01,0.34469531
1970-02-01,0.344873851
1970-03-01,0.345052393
1970-04-01,0.345230935
1970-05-01,0.345409476
1970-06-01,0.345588018
1970-07-01,0.34576656
1970-08-01,0.345945101
1970-09-01,0.346123643
1970-10-01,0.346302185
1970-11-01,0.346480726
1970-12-01,0.346659268
1971-01-01,0.34683781
1971-02-01,0.347016351
1971-03-01,0.347194893
1971-04-01,0.347373435
1971-05-01,0.347551976
1971-06-01,0.347730518
1971-07-01,0.34790906
1971-08-01,0.348087601
1971-09-01,0.348266143
1971-10-01,0.348444685
1971-11-01,0.348623226
1971-12-01,0.348801768
1972-01-01,0.34898031
1972-02-01,0.349158851
1972-03-01,0.349337393
1972-04-01,0.349515935
1972-05-01,0.349694476
1972-06-01,0.349873018
1972-07-01,0.35005156
1972-08-01,0.350230101
1972-09-01,0.350408643
1972-10-01,0.350587185
1972-11-01,0.350765726
1972-12-01,0.350944268
1973-01-01,0.35112281
1973-02-01,0.351301351
1973-03-01,0.351479893
1973-04-01,0.351658435
1973-05-01,0.351836976
1973-06-01,0.352015518
1973-07-01,0.35219406
1973-08-01,0.352372601
1973-09-01,0.352551143
1973-10-01,0.352729685
1973-11-01,0.352908226
1973-12-01,0.353086768
1974-01-01,0.35326531
1974-02-01,0.353443851
1974-03-01,0.353622393
1974-04-01,0.353846185
1974-05-01,0.354101476
1974-06-01,0.354356768
1974-07-01,0.35461206
1974-08-01,0.354867351
1974-09-01,0.355122643
1974-10-01,0.355377935
1974-11-01,0.355633226
1974-12-01,0.355888518
1975-01-01,0.35614381
1975-02-01,0.356399101
1975-03-01,0.356654393
1975-04-01,0.356909685
1975-05-01,0.357164976
1975-06-01,0.357420268
1975-07-01,0.35767556
1975-08-01,0.357930851
1975-09-01,0.358186143
1975-10-01,0.358441435
1975-11-01,0.358696726
1975-12-01,0.358952018
1976-01-01,0.35920731
1976-02-01,0.359462601
1976-03-01,0.359717893
1976-04-01,0.359973185
1976-05-01,0.360228476
1976-06-01,0.360483768
1976-07-01,0.36073906
1976-08-01,0.360994351
1976-09-01,0.361249643
1976-10-01,0.361504935
1976-11-01,0.361760226
1976-12-01,0.362015518
1977-01-01,0.36227081
1977-02-01,0.362526101
1977-03-01,0.362781393
1977-04-01,0.363036685
1977-05-01,0.363291976
1977-06-01,0.363547268
1977-07-01,0.36380256
1977-08-01,0.364057851
1977-09-01,0.364313143
1977-10-01,0.364568435
1977-11-01,0.364823726
1977-12-01,0.365079018
1978-01-01,0.36533431
1978-02-01,0.365589601
1978-03-01,0.365844893
1978-04-01,0.366100185
1978-05-01,0.366355476
1978-06-01,0.366610768
1978-07-01,0.36686606
1978-08-01,0.367121351
1978-09-01,0.367376643
1978-10-01,0.367631935
1978-11-01,0.367887226
1978-12-01,0.368142518
1979-01-01,0.36839781
1979-02-01,0.368653101
1979-03-01,0.368908393
1979-04-01,0.369163685
1979-05-01,0.369418976
1979-06-01,0.369674268
1979-07-01,0.36992956
1979-08-01,0.370184851
1979-09-01,0.370440143
1979-10-01,0.370695435
1979-11-01,0.370950726
1979-12-01,0.371206018
1980-01-01,0.37146131
1980-02-01,0.371716601
1980-03-01,0.371971893
1980-04-01,0.372227185
1980-05-01,0.372482476
1980-06-01,0.372737768
1980-07-01,0.37299306
1980-08-01,0.373248351
1980-09-01,0.373503643
1980-10-01,0.373758935
1980-11-01,0.374014226
1980-12-01,0.374269518
1981-01-01,0.37452481
1981-02-01,0.374780101
1981-03-01,0.375035393
1981-04-01,0.375290685
1981-05-01,0.375545976
1981-06-01,0.375801268
1981-07-01,0.37605656
1981-08-01,0.376311851
1981-09-01,0.376567143
1981-10-01,0.376822435
1981-11-01,0.377077726
1981-12-01,0.377333018
1982-01-01,0.37758831
1982-02-01,0.377843601
1982-03-01,0.378098893
1982-04-01,0.378354185
1982-05-01,0.378609476
1982-06-01,0.378864768
1982-07-01,0.37912006
1982-08-01,0.379375351
1982-09-01,0.379630643
1982-10-01,0.379885935
1982-11-01,0.380141226
1982-12-01,0.380396518
1983-01-01,0.38065181
1983-02-01,0.380907101
1983-03-01,0.381162393
1983-04-01,0.381417685
1983-05-01,0.381672976
1983-06-01,0.381928268
1983-07-01,0.38218356
1983-08-01,0.382438851
1983-09-01,0.382694143
1983-10-01,0.382949435
1983-11-01,0.383204726
1983-12-01,0.383460018
1984-01-01,0.38371531
1984-02-01,0.383970601
1984-03-01,0.384225893
1984-04-01,0.384481185
1984-05-01,0.384736476
1984-06-01,0.384991768
1984-07-01,0.38524706
1984-08-01,0.385502351
1984-09-01,0.385757643
1984-10-01,0.386012935
1984-11-01,0.386268226
1984-12-01,0.386523518
1985-01-01,0.38677881
1985-02-01,0.387034101
1985-03-01,0.387289393
1985-04-01,0.387544685
1985-05-01,0.387799976
1985-06-01,0.388055268
1985-07-01,0.38831056
1985-08-01,0.388565851
1985-09-01,0.388821143
1985-10-01,0.389076435
1985-11-01,0.389331726
1985-12-01,0.389587018
1986-01-01,0.38984231
1986-02-01,0.390097601
1986-03-01,0.390352893
1986-04-01,0.390608185
1986-05-01,0.390863476
1986-06-01,0.391118768
1986-07-01,0.39137406
1986-08-01,0.391629351
1986-09-01,0.391884643
1986-10-01,0.392139935
1986-11-01,0.392395226
1986-12-01,0.392650518
1987-01-01,0.39290581
1987-02-01,0.393161101
1987-03-01,0.393416393
1987-04-01,0.393671685
1987-05-01,0.393926976
1987-06-01,0.394182268
1987-07-01,0.39443756
1987-08-01,0.394692851
1987-09-01,0.394948143
1987-10-01,0.395203435
1987-11-01,0.395458726
1987-12-01,0.395714018
1988-01-01,0.39596931
1988-02-01,0.396224601
1988-03-01,0.396479893
1988-04-01,0.396735185
1988-05-01,0.396990476
1988-06-01,0.397245768
1988-07-01,0.39750106
1988-08-01,0.397756351
1988-09-01,0.398011643
1988-10-01,0.398266935
1988-11-01,0.398522226
1988-12-01,0.398777518
1989-01-01,0.39903281
1989-02-01,0.399288101
1989-03-01,0.399543393
1989-04-01,0.399798685
1989-05-01,0.400053976
1989-06-01,0.400309268
1989-07-01,0.40056456
1989-08-01,0.400819851
1989-09-01,0.401075143
1989-10-01,0.401330435
1989-11-01,0.401585726
1989-12-01,0.401841018
1990-01-01,0.40209631
1990-02-01,0.402351601
1990-03-01,0.402606893
1990-04-01,0.402862185
1990-05-01,0.403117476
1990-06-01,0.403372768
1990-07-01,0.40362806
1990-08-01,0.403883351
1990-09-01,0.404138643
1990-10-01,0.404393935
1990-11-01,0.404649226
1990-12-01,0.404904518
1991-01-01,0.40515981
1991-02-01,0.405415101
1991-03-01,0.405670393
1991-04-01,0.405925685
1991-05-01,0.406180976
1991-06-01,0.406436268
1991-07-01,0.40669156
1991-08-01,0.406946851
1991-09-01,0.407202143
1991-10-01,0.407457435
1991-11-01,0.407712726
1991-12-01,0.407968018
1992-01-01,0.40822331
1992-02-01,0.408478601
1992-03-01,0.408733893
1992-04-01,0.408989185
1992-05-01,0.409244476
1992-06-01,0.409499768
1992-07-01,0.40975506
1992-08-01,0.410010351
1992-09-01,0.410265643
1992-10-01,0.410520935
1992-11-01,0.410776226
1992-12-01,0.411031518
1993-01-01,0.41128681
1993-02-01,0.411542101
1993-03-01,0.411797393
1993-04-01,0.412052685
1993-05-01,0.412307976
1993-06-01,0.412563268
1993-07-01,0.41281856
1993-08-01,0.413073851
1993-09-01,0.413329143
1993-10-01,0.413584435
1993-11-01,0.413839726
1993-12-01,0.414095018
1994-01-01,0.41435031
1994-02-01,0.414605601
1994-03-01,0.414860893
1994-04-01,0.415116185
1994-05-01,0.415371476
1994-06-01,0.415626768
1994-07-01,0.41588206
1994-08-01,0.416137351
1994-09-01,0.416392643
1994-10-01,0.416647935
1994-11-01,0.416903226
1994-12-01,0.417158518
1995-01-01,0.41741381
1995-02-01,0.417669101
1995-03-01,0.417924393
1995-04-01,0.418179685
1995-05-01,0.418434976
1995-06-01,0.418690268
1995-07-01,0.41894556
1995-08-01,0.419200851
1995-09-01,0.419456143
1995-10-01,0.419711435
1995-11-01,0.419966726
1995-12-01,0.420222018
1996-01-01,0.42047731
1996-02-01,0.420732601
1996-03-01,0.420987893
1996-04-01,0.421243185
1996-05-01,0.421498476
1996-06-01,0.421753768
1996-07-01,0.42200906
1996-08-01,0.422264351
1996-09-01,0.422519643
1996-10-01,0.422774935
1996-11-01,0.423030226
1996-12-01,0.423285518
1997-01-01,0.42354081
1997-02-01,0.423796101
1997-03-01,0.424051393
1997-04-01,0.424306685
1997-05-01,0.424561976
1997-06-01,0.424817268
1997-07-01,0.42507256
1997-08-01,0.425327851
1997-09-01,0.425583143
1997-10-01,0.425838435
1997-11-01,0.426093726
1997-12-01,0.426349018
1998-01-01,0.42660431
1998-02-01,0.426859601
1998-03-01,0.427114893
1998-04-01,0.427370185
1998-05-01,0.427625476
1998-06-01,0.427880768
1998-07-01,0.42813606
1998-08-01,0.428391351
1998-09-01,0.428646643
1998-10-01,0.428901935
1998-11-01,0.429157226
1998-12-01,0.429412518
1999-01-01,0.42966781
1999-02-01,0.429923101
1999-03-01,0.430178393
1999-04-01,0.430433685
1999-05-01,0.430688976
1999-06-01,0.430944268
1999-07-01,0.43119956
1999-08-01,0.431454851
1999-09-01,0.431710143
1999-10-01,0.431965435
1999-11-01,0.432220726
1999-12-01,0.432476018
2000-01-01,0.43273131
2000-02-01,0.432986601
2000-03-01,0.433241893
2000-04-01,0.433497185
2000-05-01,0.433752476
2000-06-01,0.434007768
2000-07-01,0.43426306
2000-08-01,0.434518351
2000-09-01,0.434773643
2000-10-01,0.435028935
2000-11-01,0.435284226
2000-12-01,0.435539518
2001-01-01,0.43579481
2001-02-01,0.436050101
2001-03-01,0.436305393
2001-04-01,0.436560685
2001-05-01,0.436815976
2001-06-01,0.437071268
2001-07-01,0.43732656
2001-08-01,0.437581851
2001-09-01,0.437837143
2001-10-01,0.438092435
2001-11-01,0.438347726
2001-12-01,0.438603018
2002-01-01,0.43885831
2002-02-01,0.439113601
2002-03-01,0.439368893
2002-04-01,0.439624185
2002-05-01,0.439879476
2002-06-01,0.440134768
2002-07-01,0.44039006
2002-08-01,0.440645351
2002-09-01,0.440900643
2002-10-01,0.441155935
2002-11-01,0.441411226
2002-12-01,0.441666518
2003-01-01,0.44192181
2003-02-01,0.442177101
2003-03-01,0.442432393
2003-04-01,0.442687685
2003-05-01,0.442942976
2003-06-01,0.443198268
2003-07-01,0.44345356
2003-08-01,0.443708851
2003-09-01,0.443964143
2003-10-01,0.444219435
2003-11-01,0.444474726
2003-12-01,0.444730018
2004-01-01,0.44498531
2004-02-01,0.445240601
2004-03-01,0.445495893
2004-04-01,0.445751185
2004-05-01,0.446006476
2004-06-01,0.446261768
2004-07-01,0.44651706
2004-08-01,0.446772351
2004-09-01,0.447027643
2004-10-01,0.447282935
2004-11-01,0.447538226
2004-12-01,0.447793518
2005-01-01,0.44804881
2005-02-01,0.448304101
2005-03-01,0.448559393
2005-04-01,0.448814685
2005-05-01,0.449069976
2005-06-01,0.449325268
2005-07-01,0.44958056
2005-08-01,0.449835851
2005-09-01,0.450091143
2005-10-01,0.450346435
2005-11-01,0.450601726
2005-12-01,0.450857018
2006-01-01,0.45111231
2006-02-01,0.451367601
2006-03-01,0.451622893
2006-04-01,0.451878185
2006-05-01,0.452133476
2006-06-01,0.452388768
2006-07-01,0.45264406
2006-08-01,0.452899351
2006-09-01,0.453154643
2006-10-01,0.453409935
2006-11-01,0.453665226
2006-12-01,0.453920518
2007-01-01,0.45417581
2007-02-01,0.454431101
2007-03-01,0.454686393
2007-04-01,0.454941685
2007-05-01,0.455196976
2007-06-01,0.455452268
2007-07-01,0.45570756
2007-08-01,0.455962851
2007-09-01,0.456218143
2007-10-01,0.456473435
2007-11-01,0.456728726
2007-12-01,0.456984018
2008-01-01,0.45723931
2008-02-01,0.457494601
2008-03-01,0.457749893
2008-04-01,0.458005185
2008-05-01,0.458260476
2008-06-01,0.458515768
2008-07-01,0.45877106
2008-08-01,0.459026351
2008-09-01,0.459281643
2008-10-01,0.459536935
2008-11-01,0.459792226
2008-12-01,0.460047518
2009-01-01,0.46030281
2009-02-01,0.460558101
2009-03-01,0.460813393
2009-04-01,0.461068685
2009-05-01,0.461323976
2009-06-01,0.461579268
2009-07-01,0.46183456
2009-08-01,0.462089851
2009-09-01,0.462345143
2009-10-01,0.462600435
2009-11-01,0.462855726
2009-12-01,0.463111018
2010-01-01,0.46336631
2010-02-01,0.463621601
2010-03-01,0.463876893
2010-04-01,0.464132185
2010-05-01,0.464387476
2010-06-01,0.464642768
2010-07-01,0.46489806
2010-08-01,0.465153351
2010-09-01,0.465408643
2010-10-01,0.465663935
2010-11-01,0.465919226
2010-12-01,0.466174518